Timestamp, MToF (us), Period (s), Flowrate (ml/s), Temp (C), RH (%), PM1 (ug/m-3), PM2.5 (ug/m-3), PM10 (ug/m-3)
2021-01-12 15:00:57, 0.0, 16.15, 5.89, 27.037, 44.251, 0.312, 1.23, 8.569
2021-01-12 15:01:57, 0.0, 30.01, 5.6, 27.08, 45.65, 0.447, 1.848, 11.258
2021-01-12 15:02:57, 0.0, 30.01, 5.46, 27.024, 43.49, 0.469, 1.684, 8.359
2021-01-12 15:03:57, 0.0, 29.99, 5.39, 26.997, 43.87, 0.488, 1.689, 7.458
2021-01-12 15:04:57, 0.0, 29.99, 5.57, 26.981, 43.656, 0.533, 2.327, 24.635
2021-01-12 15:05:57, 0.0, 30.01, 5.44, 26.912, 43.847, 0.479, 1.782, 17.277
2021-01-12 15:06:57, 0.0, 30.01, 5.38, 26.856, 43.664, 0.494, 1.863, 12.716
2021-01-12 15:07:58, 0.0, 30.01, 5.56, 26.8, 43.801, 0.476, 1.896, 5.243
2021-01-12 15:08:58, 0.0, 30.01, 5.66, 26.757, 43.851, 0.491, 1.667, 6.387
2021-01-12 15:09:58, 0.0, 30.0, 5.71, 26.712, 43.925, 0.456, 1.81, 7.556
2021-01-12 15:10:58, 0.0, 30.0, 5.51, 26.656, 44.018, 0.456, 1.558, 14.906
2021-01-12 15:11:58, 0.0, 30.01, 5.41, 26.6, 44.121, 0.436, 1.512, 17.022
2021-01-12 15:12:58, 0.0, 30.0, 5.58, 26.6, 44.199, 0.451, 1.636, 12.383
2021-01-12 15:13:58, 0.0, 30.01, 5.67, 26.527, 44.236, 0.493, 1.914, 14.537
2021-01-12 15:14:58, 0.0, 30.01, 5.49, 26.501, 44.254, 0.458, 1.943, 16.652
2021-01-12 15:15:58, 0.0, 30.01, 5.62, 26.471, 44.318, 0.457, 1.903, 6.286
2021-01-12 15:16:58, 0.0, 30.01, 5.69, 26.429, 44.346, 0.441, 1.672, 7.709
2021-01-12 15:17:58, 0.0, 30.01, 5.72, 26.415, 44.366, 0.425, 1.634, 13.266
2021-01-12 15:18:58, 0.0, 30.0, 5.74, 26.389, 44.451, 0.506, 2.019, 9.437
2021-01-12 15:19:58, 0.0, 30.01, 5.52, 26.346, 44.515, 0.478, 1.955, 10.23
2021-01-12 15:20:58, 0.0, 30.01, 5.42, 26.33, 44.524, 0.487, 1.96, 6.637
2021-01-12 15:21:58, 0.0, 30.01, 5.58, 26.303, 44.53, 0.469, 1.795, 11.571
2021-01-12 15:22:58, 0.0, 30.01, 5.67, 26.316, 44.588, 0.456, 1.611, 14.499
2021-01-12 15:23:58, 0.0, 30.01, 5.71, 26.29, 44.585, 0.425, 1.52, 5.932
2021-01-12 15:24:58, 0.0, 30.01, 5.51, 26.247, 44.602, 0.429, 1.529, 15.589
2021-01-12 15:25:58, 0.0, 29.98, 5.63, 26.218, 44.654, 0.445, 1.651, 3.538
2021-01-12 15:26:58, 0.0, 30.01, 5.69, 26.218, 44.654, 0.47, 1.778, 6.583
2021-01-12 15:27:59, 0.0, 30.01, 5.5, 26.191, 44.672, 0.44, 1.841, 8.165
2021-01-12 15:28:59, 0.0, 30.01, 5.41, 26.162, 44.735, 0.467, 2.017, 11.481
2021-01-12 15:29:59, 0.0, 30.01, 5.58, 26.146, 44.758, 0.406, 1.569, 7.644
2021-01-12 15:30:59, 0.0, 30.0, 5.67, 26.103, 44.773, 0.461, 1.765, 9.87
2021-01-12 15:31:59, 0.0, 30.01, 5.49, 26.089, 44.762, 0.461, 1.617, 11.739
2021-01-12 15:32:59, 0.0, 29.99, 5.62, 26.073, 44.814, 0.473, 1.497, 9.011
2021-01-12 15:33:59, 0.0, 30.01, 5.69, 26.047, 44.833, 0.439, 1.539, 8.414
2021-01-12 15:34:59, 0.0, 30.01, 5.72, 26.017, 44.874, 0.395, 1.392, 7.277
2021-01-12 15:35:59, 0.0, 30.01, 5.74, 26.004, 44.918, 0.408, 1.493, 5.735
2021-01-12 15:36:59, 0.0, 30.01, 5.75, 26.004, 44.904, 0.377, 1.24, 10.284
2021-01-12 15:37:59, 0.0, 29.98, 5.75, 25.975, 44.924, 0.425, 1.58, 7.565
2021-01-12 15:38:59, 0.0, 30.01, 5.75, 25.948, 44.942, 0.428, 1.807, 11.417
2021-01-12 15:39:59, 0.0, 30.0, 5.75, 25.935, 44.952, 0.403, 1.306, 8.27
2021-01-12 15:40:59, 0.0, 30.01, 5.75, 25.919, 45.006, 0.44, 1.427, 6.222
2021-01-12 15:41:59, 0.0, 30.0, 5.75, 25.892, 45.057, 0.427, 1.595, 14.102
2021-01-12 15:42:59, 0.0, 30.0, 5.75, 25.876, 45.112, 0.442, 1.856, 6.755
2021-01-12 15:43:59, 0.0, 30.01, 5.75, 25.849, 45.119, 0.39, 1.521, 6.231
2021-01-12 15:44:59, 0.0, 30.01, 5.75, 25.82, 45.093, 0.412, 1.619, 6.489
2021-01-12 15:45:59, 0.0, 30.01, 5.75, 25.82, 45.138, 0.451, 1.754, 7.315
2021-01-12 15:46:59, 0.0, 29.99, 5.75, 25.806, 45.193, 0.38, 1.558, 5.027
2021-01-12 15:47:59, 0.0, 30.01, 5.53, 25.777, 45.254, 0.452, 1.724, 9.026
2021-01-12 15:48:59, 0.0, 30.01, 5.42, 25.793, 45.29, 0.442, 1.748, 9.52
2021-01-12 15:50:00, 0.0, 30.01, 5.59, 25.764, 45.332, 0.391, 1.57, 11.129
2021-01-12 15:51:00, 0.0, 30.01, 5.67, 25.806, 45.27, 0.423, 1.454, 6.763
2021-01-12 15:52:00, 0.0, 30.01, 5.71, 25.806, 45.135, 0.438, 1.726, 11.311
2021-01-12 15:53:00, 0.0, 30.01, 5.73, 25.793, 45.092, 0.419, 1.404, 4.853
2021-01-12 15:54:00, 0.0, 30.01, 5.74, 25.75, 45.119, 0.455, 1.665, 8.887
2021-01-12 15:55:00, 0.0, 30.0, 5.75, 25.708, 45.103, 0.412, 1.486, 13.933
2021-01-12 15:56:00, 0.0, 30.01, 5.75, 25.708, 45.046, 0.42, 1.582, 5.429
2021-01-12 15:57:00, 0.0, 29.99, 5.75, 25.665, 45.087, 0.431, 1.934, 7.872
2021-01-12 15:58:00, 0.0, 30.01, 5.75, 25.665, 45.075, 0.39, 1.378, 7.462
2021-01-12 15:59:00, 0.0, 30.01, 5.75, 25.638, 45.129, 0.433, 1.376, 6.82
2021-01-12 16:00:00, 0.0, 30.01, 5.75, 25.652, 45.162, 0.474, 1.622, 7.495
2021-01-12 16:01:00, 0.0, 29.99, 5.53, 25.652, 45.183, 0.449, 1.6, 8.161
2021-01-12 16:02:00, 0.0, 29.99, 5.64, 25.694, 45.167, 0.388, 1.547, 4.741
2021-01-12 16:03:00, 0.0, 30.01, 5.7, 25.681, 45.121, 0.391, 1.653, 10.436
2021-01-12 16:04:00, 0.0, 29.98, 5.5, 25.694, 45.135, 0.464, 1.916, 8.354
2021-01-12 16:05:00, 0.0, 30.01, 5.63, 25.708, 45.103, 0.403, 1.636, 10.419
2021-01-12 16:06:00, 0.0, 30.01, 5.47, 25.721, 45.06, 0.418, 1.746, 4.897
2021-01-12 16:07:00, 0.0, 30.01, 5.61, 25.75, 45.052, 0.431, 1.708, 6.711
2021-01-12 16:08:00, 0.0, 30.01, 5.46, 25.764, 45.02, 0.418, 1.27, 9.301
2021-01-12 16:09:00, 0.0, 30.01, 5.61, 25.777, 45.01, 0.414, 1.441, 3.507
2021-01-12 16:10:00, 0.0, 29.99, 5.46, 25.777, 44.942, 0.438, 1.514, 3.661
2021-01-12 16:11:00, 0.0, 29.98, 5.39, 25.806, 44.869, 0.424, 1.433, 6.773
2021-01-12 16:12:01, 0.0, 30.01, 5.35, 25.82, 44.84, 0.439, 1.51, 5.68
2021-01-12 16:13:01, 0.0, 30.01, 5.55, 25.82, 44.759, 0.391, 1.547, 10.098
2021-01-12 16:14:01, 0.0, 29.99, 5.65, 25.806, 44.771, 0.361, 1.229, 4.372
2021-01-12 16:15:01, 0.0, 30.0, 5.48, 25.836, 44.685, 0.428, 1.571, 4.956
2021-01-12 16:16:01, 0.0, 29.99, 5.62, 25.82, 44.649, 0.381, 1.338, 7.214
2021-01-12 16:17:01, 0.0, 30.01, 5.47, 25.806, 44.671, 0.432, 1.52, 4.467
2021-01-12 16:18:01, 0.0, 29.98, 5.61, 25.849, 44.588, 0.375, 1.391, 3.063
2021-01-12 16:19:01, 0.0, 30.01, 5.46, 25.82, 44.616, 0.346, 1.14, 2.874
2021-01-12 16:20:01, 0.0, 30.01, 5.61, 25.82, 44.506, 0.445, 1.722, 5.677
2021-01-12 16:21:01, 0.0, 29.98, 5.46, 25.836, 44.485, 0.447, 1.476, 4.073
2021-01-12 16:22:01, 0.0, 30.01, 5.39, 25.863, 44.533, 0.411, 1.308, 5.099
2021-01-12 16:23:01, 0.0, 30.01, 5.57, 25.863, 44.533, 0.39, 1.45, 3.831
2021-01-12 16:24:01, 0.0, 30.01, 5.66, 25.863, 44.498, 0.411, 1.273, 4.361
2021-01-12 16:25:01, 0.0, 30.01, 5.71, 25.863, 44.479, 0.377, 1.316, 4.394
2021-01-12 16:26:01, 0.0, 29.99, 5.51, 25.876, 44.469, 0.371, 1.075, 1.698
2021-01-12 16:27:01, 0.0, 30.0, 5.63, 25.905, 44.416, 0.404, 1.193, 2.327
2021-01-12 16:28:01, 0.0, 30.0, 5.47, 25.935, 44.41, 0.392, 1.347, 3.335
2021-01-12 16:29:01, 0.0, 30.01, 5.61, 25.961, 44.401, 0.411, 1.193, 2.718
2021-01-12 16:30:01, 0.0, 30.01, 5.68, 25.948, 44.355, 0.391, 1.304, 3.773
2021-01-12 16:31:01, 0.0, 29.99, 5.72, 25.935, 44.288, 0.377, 1.053, 4.615
2021-01-12 16:32:01, 0.0, 29.98, 5.74, 25.975, 44.259, 0.387, 1.228, 3.005
2021-01-12 16:33:01, 0.0, 30.01, 5.75, 25.975, 44.213, 0.417, 1.428, 1.951
2021-01-12 16:34:01, 0.0, 30.0, 5.75, 25.991, 44.192, 0.351, 1.348, 3.594
2021-01-12 16:35:01, 0.0, 30.01, 5.53, 25.991, 44.182, 0.421, 1.486, 3.588
2021-01-12 16:36:01, 0.0, 30.0, 5.64, 25.991, 44.172, 0.393, 1.238, 2.374
2021-01-12 16:37:01, 0.0, 30.0, 5.7, 26.004, 44.096, 0.384, 1.234, 3.549
2021-01-12 16:38:02, 0.0, 30.0, 5.73, 26.004, 44.062, 0.366, 1.057, 4.931
2021-01-12 16:39:02, 0.0, 29.99, 5.74, 25.991, 44.039, 0.389, 1.418, 4.302
2021-01-12 16:40:02, 0.0, 29.99, 5.52, 25.991, 44.025, 0.379, 1.397, 3.939
2021-01-12 16:41:02, 0.0, 30.01, 5.42, 26.004, 43.995, 0.406, 1.336, 3.044
2021-01-12 16:42:02, 0.0, 30.01, 5.58, 25.991, 43.958, 0.359, 1.278, 3.444
2021-01-12 16:43:02, 0.0, 30.0, 5.67, 25.991, 43.984, 0.333, 1.182, 3.624
2021-01-12 16:44:02, 0.0, 30.01, 5.28, 25.948, 43.943, 0.354, 1.124, 3.953
2021-01-12 16:45:02, 0.0, 30.01, 5.3, 25.961, 43.98, 0.405, 1.43, 5.018
2021-01-12 16:46:02, 0.0, 30.0, 5.31, 25.961, 43.902, 0.371, 0.955, 2.115
2021-01-12 16:47:02, 0.0, 30.0, 5.53, 25.935, 43.92, 0.362, 1.132, 2.615
2021-01-12 16:48:02, 0.0, 30.01, 5.64, 25.935, 43.885, 0.345, 1.192, 6.207
2021-01-12 16:49:02, 0.0, 29.99, 5.48, 25.919, 43.883, 0.392, 1.178, 2.627
2021-01-12 16:50:02, 0.0, 30.0, 5.61, 25.919, 43.874, 0.36, 1.177, 2.797
2021-01-12 16:51:02, 0.0, 30.01, 5.68, 25.892, 43.861, 0.352, 1.283, 2.991
2021-01-12 16:52:02, 0.0, 30.0, 5.72, 25.905, 43.883, 0.402, 1.417, 2.637
2021-01-12 16:53:02, 0.0, 30.01, 5.74, 25.892, 43.87, 0.362, 0.987, 1.989
2021-01-12 16:54:02, 0.0, 29.99, 5.75, 25.892, 43.861, 0.361, 0.9, 1.915
2021-01-12 16:55:02, 0.0, 30.0, 5.75, 25.836, 43.874, 0.341, 1.023, 2.98
2021-01-12 16:56:02, 0.0, 30.01, 5.53, 25.863, 43.867, 0.351, 1.141, 2.072
2021-01-12 16:57:02, 0.0, 30.01, 5.64, 25.836, 43.874, 0.381, 1.205, 2.667
2021-01-12 16:58:02, 0.0, 30.01, 5.48, 25.836, 43.929, 0.374, 1.325, 3.026
2021-01-12 16:59:02, 0.0, 29.99, 5.61, 25.82, 43.851, 0.383, 1.393, 2.414
2021-01-12 17:00:02, 0.0, 30.01, 5.68, 25.806, 43.806, 0.394, 1.284, 3.686
2021-01-12 17:01:02, 0.0, 30.01, 5.72, 25.793, 43.857, 0.392, 1.232, 3.27
2021-01-12 17:02:02, 0.0, 29.99, 5.51, 25.777, 43.835, 0.378, 1.358, 3.132
2021-01-12 17:03:02, 0.0, 29.98, 5.63, 25.764, 43.778, 0.336, 0.844, 3.729
2021-01-12 17:04:03, 0.0, 30.01, 5.47, 25.721, 43.816, 0.38, 1.095, 4.439
2021-01-12 17:05:03, 0.0, 30.01, 5.61, 25.764, 43.824, 0.355, 0.985, 2.677
2021-01-12 17:06:03, 0.003, 30.01, 5.68, 25.721, 43.839, 0.342, 1.041, 1.792
2021-01-12 17:07:03, 0.0, 29.98, 5.5, 25.681, 43.87, 0.365, 1.114, 3.243
2021-01-12 17:08:03, 0.0, 30.01, 5.62, 25.694, 43.912, 0.373, 1.067, 5.106
2021-01-12 17:09:03, 0.0, 30.01, 5.47, 25.665, 43.81, 0.363, 1.199, 3.125
2021-01-12 17:10:03, 0.0, 30.01, 5.61, 25.681, 43.89, 0.334, 0.908, 1.633
2021-01-12 17:11:03, 0.0, 30.01, 5.46, 25.652, 43.897, 0.379, 1.057, 1.791
2021-01-12 17:12:03, 0.0, 30.01, 5.39, 25.652, 43.865, 0.406, 1.413, 4.395
2021-01-12 17:13:03, 0.0, 30.01, 5.57, 25.665, 44.378, 0.344, 1.267, 5.468
2021-01-12 17:14:03, 0.0, 30.01, 5.44, 25.721, 43.874, 0.347, 1.18, 4.268
2021-01-12 17:15:03, 0.0, 30.01, 5.6, 25.75, 43.865, 0.382, 1.195, 5.924
2021-01-12 17:16:03, 0.0, 29.99, 5.67, 25.764, 43.789, 0.35, 1.297, 4.792
2021-01-12 17:17:03, 0.0, 29.99, 5.71, 25.793, 43.87, 0.325, 0.929, 6.499
2021-01-12 17:18:03, 0.0, 30.01, 5.51, 25.836, 43.83, 0.415, 1.274, 4.464
2021-01-12 17:19:03, 0.0, 30.01, 5.63, 25.876, 43.5, 0.348, 0.994, 5.22
2021-01-12 17:20:03, 0.0, 29.98, 5.69, 25.892, 43.577, 0.391, 1.419, 8.336
2021-01-12 17:21:03, 0.0, 30.01, 5.5, 25.948, 43.697, 0.39, 1.173, 8.967
2021-01-12 17:22:03, 0.0, 30.01, 5.86, 25.975, 43.537, 0.381, 1.29, 7.948
2021-01-12 17:23:03, 0.0, 30.0, 5.58, 26.004, 44.762, 0.327, 1.214, 3.991
2021-01-12 17:24:03, 0.0, 30.0, 5.67, 26.004, 43.491, 0.346, 1.39, 7.316
2021-01-12 17:25:04, 0.0, 30.01, 5.71, 26.089, 44.517, 0.351, 1.006, 4.157
2021-01-12 17:26:04, 0.0, 30.01, 5.97, 26.089, 43.416, 0.335, 1.224, 3.029
2021-01-12 17:27:04, 0.0, 30.01, 5.63, 26.13, 43.688, 0.379, 1.191, 2.542
2021-01-12 17:28:04, 0.0, 30.01, 5.69, 26.204, 43.659, 0.347, 0.961, 3.313
2021-01-12 17:29:04, 0.0, 30.01, 5.72, 26.218, 43.336, 0.38, 1.274, 7.018
2021-01-12 17:30:04, 0.0, 29.99, 5.74, 26.274, 43.354, 0.347, 1.165, 4.135
2021-01-12 17:31:04, 0.0, 30.01, 5.75, 26.29, 43.478, 0.298, 0.94, 7.049
2021-01-12 17:32:04, 0.0, 30.01, 5.75, 26.346, 44.025, 0.302, 0.977, 4.992
2021-01-12 17:33:04, 0.0, 30.0, 5.75, 26.346, 43.725, 0.318, 1.14, 2.94
2021-01-12 17:34:04, 0.0, 30.01, 5.53, 26.389, 43.343, 0.348, 1.017, 6.733
2021-01-12 17:35:04, 0.0, 30.01, 5.64, 26.373, 43.038, 0.314, 0.972, 4.32
2021-01-12 17:36:04, 0.0, 30.01, 5.7, 26.415, 43.371, 0.361, 1.247, 4.043
2021-01-12 17:37:04, 0.0, 30.01, 5.5, 26.445, 43.18, 0.37, 1.349, 5.544
2021-01-12 17:38:04, 0.0, 30.01, 5.41, 26.429, 42.91, 0.38, 1.19, 6.735
2021-01-12 17:39:04, 0.0, 29.99, 5.58, 26.471, 43.038, 0.397, 1.31, 4.602
2021-01-12 17:40:04, 0.0, 30.0, 5.67, 26.501, 42.956, 0.35, 1.363, 7.739
2021-01-12 17:41:04, 0.0, 30.01, 5.49, 26.485, 42.832, 0.326, 1.0, 12.871
2021-01-12 17:42:04, 0.0, 30.01, 5.62, 26.514, 42.812, 0.307, 0.903, 2.946
2021-01-12 17:43:04, 0.0, 30.01, 5.69, 26.501, 42.713, 0.345, 1.063, 4.772
2021-01-12 17:44:04, 0.0, 29.99, 5.5, 26.471, 42.782, 0.341, 1.116, 5.668
2021-01-12 17:45:05, 0.0, 30.01, 5.62, 26.485, 42.844, 0.345, 1.348, 7.768
2021-01-12 17:46:05, 0.0, 30.01, 5.47, 26.458, 42.914, 0.383, 1.147, 6.026
2021-01-12 17:47:05, 0.0, 30.0, 5.39, 26.471, 42.818, 0.383, 1.148, 4.279
2021-01-12 17:48:05, 0.0, 30.01, 5.36, 26.458, 42.853, 0.36, 1.062, 9.974
2021-01-12 17:49:05, 0.0, 29.99, 5.34, 26.445, 42.863, 0.365, 1.223, 3.967
2021-01-12 17:50:05, 0.0, 30.01, 5.77, 26.445, 42.805, 0.341, 1.04, 3.568
2021-01-12 17:51:05, 0.0, 29.99, 5.76, 26.415, 42.837, 0.395, 1.462, 3.032
2021-01-12 17:52:05, 0.0, 30.01, 6.0, 26.415, 42.947, 0.29, 1.094, 7.253
2021-01-12 17:53:05, 0.0, 30.0, 5.87, 26.471, 42.759, 0.294, 0.826, 5.599
2021-01-12 17:54:05, 0.0, 29.99, 5.59, 26.458, 43.243, 0.345, 0.786, 1.637
2021-01-12 17:55:05, 0.0, 30.01, 5.67, 26.471, 43.11, 0.359, 1.272, 13.074
2021-01-12 17:56:05, 0.0, 30.01, 5.71, 26.514, 42.86, 0.352, 1.313, 15.829
2021-01-12 17:57:05, 0.0, 30.01, 5.73, 26.514, 42.922, 0.35, 1.154, 6.916
2021-01-12 17:58:05, 0.0, 30.01, 5.74, 26.543, 42.936, 0.342, 1.078, 6.292
2021-01-12 17:59:05, 0.0, 30.01, 5.75, 26.527, 42.873, 0.321, 1.155, 13.64
2021-01-12 18:00:05, 0.0, 29.99, 5.53, 26.557, 42.914, 0.381, 1.52, 16.125
2021-01-12 18:01:05, 0.0, 30.01, 5.42, 26.543, 42.817, 0.352, 1.234, 12.161
2021-01-12 18:02:05, 0.0, 30.01, 5.37, 26.557, 42.937, 0.353, 1.312, 6.473
2021-01-12 18:03:05, 0.0, 30.0, 5.35, 26.527, 42.922, 0.395, 1.155, 9.413
2021-01-12 18:04:05, 0.0, 30.01, 5.54, 26.543, 42.84, 0.382, 1.671, 11.487
2021-01-12 18:05:05, 0.0, 30.01, 5.43, 26.557, 43.07, 0.37, 1.317, 12.44
2021-01-12 18:06:05, 0.0, 30.01, 5.59, 26.57, 42.965, 0.356, 1.221, 5.398
2021-01-12 18:07:06, 0.0, 30.01, 5.67, 26.557, 43.389, 0.38, 1.406, 12.19
2021-01-12 18:08:06, 0.0, 30.01, 5.49, 26.557, 42.831, 0.361, 1.487, 11.376
2021-01-12 18:09:06, 0.0, 30.01, 5.62, 26.557, 42.818, 0.376, 1.627, 6.244
2021-01-12 18:10:06, 0.0, 30.01, 5.47, 26.557, 42.803, 0.372, 1.144, 2.303
2021-01-12 18:11:06, 0.0, 30.01, 5.61, 26.557, 42.853, 0.324, 1.399, 10.023
2021-01-12 18:12:06, 0.0, 29.99, 5.68, 26.57, 42.914, 0.394, 1.442, 5.51
2021-01-12 18:13:06, 0.0, 30.0, 5.72, 26.557, 42.997, 0.37, 1.469, 5.309
2021-01-12 18:14:06, 0.0, 30.01, 5.51, 26.557, 42.974, 0.334, 1.218, 10.818
2021-01-12 18:15:06, 0.0, 30.01, 5.63, 26.543, 42.936, 0.366, 1.379, 6.098
2021-01-12 18:16:06, 0.0, 30.01, 5.47, 26.527, 42.972, 0.354, 1.15, 10.559
2021-01-12 18:17:06, 0.0, 30.01, 5.4, 26.514, 42.908, 0.372, 1.502, 15.895
2021-01-12 18:18:06, 0.0, 30.0, 5.57, 26.501, 43.075, 0.364, 1.294, 10.325
2021-01-12 18:19:06, 0.0, 30.01, 5.66, 26.485, 42.954, 0.348, 1.326, 9.048
2021-01-12 18:20:06, 0.0, 30.01, 5.49, 26.485, 43.001, 0.347, 1.333, 4.762
2021-01-12 18:21:06, 0.0, 30.0, 5.62, 26.485, 43.015, 0.351, 1.169, 7.756
2021-01-12 18:22:06, 0.0, 30.01, 5.47, 26.471, 43.439, 0.333, 1.193, 11.817
2021-01-12 18:23:06, 0.0, 30.01, 5.61, 26.485, 43.05, 0.329, 1.166, 4.777
2021-01-12 18:24:06, 0.0, 30.01, 5.68, 26.485, 43.038, 0.33, 1.16, 6.044
2021-01-12 18:25:06, 0.0, 29.99, 5.72, 26.458, 43.169, 0.319, 0.966, 1.986
2021-01-12 18:26:07, 0.0, 30.01, 5.51, 26.485, 43.426, 0.366, 1.185, 4.438
2021-01-12 18:27:07, 0.0, 30.0, 5.42, 26.445, 44.768, 0.345, 1.538, 16.78
2021-01-12 18:28:07, 0.0, 30.01, 5.81, 26.415, 43.261, 0.372, 1.182, 11.471
2021-01-12 18:29:07, 0.0, 30.01, 5.78, 26.445, 43.677, 0.354, 1.383, 12.796
2021-01-12 18:30:07, 0.0, 30.01, 5.77, 26.415, 43.345, 0.34, 1.267, 6.297
2021-01-12 18:31:07, 0.0, 30.01, 5.54, 26.402, 43.954, 0.434, 2.01, 26.019
2021-01-12 18:32:07, 0.0, 30.01, 5.43, 26.402, 43.798, 0.411, 1.532, 11.898
2021-01-12 18:33:07, 0.0, 30.0, 5.81, 26.389, 43.816, 0.381, 1.478, 5.934
2021-01-12 18:34:07, 0.0, 29.98, 5.78, 26.346, 43.948, 0.415, 1.625, 17.376
2021-01-12 18:35:07, 0.0, 29.99, 5.77, 26.316, 43.986, 0.429, 1.491, 11.419
2021-01-12 18:36:07, 0.0, 29.99, 5.54, 26.29, 44.196, 0.392, 1.354, 13.945
2021-01-12 18:37:07, 0.0, 30.01, 5.22, 26.33, 44.356, 0.459, 1.621, 8.932
2021-01-12 18:38:07, 0.0, 30.01, 5.48, 26.303, 44.332, 0.428, 1.435, 12.449
2021-01-12 18:39:07, 0.0, 30.01, 5.61, 26.303, 44.442, 0.445, 1.646, 8.989
2021-01-12 18:40:07, 0.0, 30.01, 5.46, 26.316, 44.599, 0.471, 1.382, 9.995
2021-01-12 18:41:07, 0.0, 30.01, 5.84, 26.316, 44.565, 0.389, 1.583, 11.039
2021-01-12 18:42:07, 0.0, 30.0, 5.79, 26.346, 44.625, 0.442, 1.695, 6.138
2021-01-12 18:43:07, 0.0, 30.01, 5.77, 26.346, 44.625, 0.406, 1.411, 11.402
2021-01-12 18:44:07, 0.0, 29.99, 6.0, 26.373, 44.662, 0.408, 1.236, 9.357
2021-01-12 18:45:07, 0.0, 30.01, 5.88, 26.373, 44.739, 0.402, 1.367, 11.862
2021-01-12 18:46:07, 0.0, 30.01, 5.82, 26.415, 44.878, 0.494, 1.691, 6.111
2021-01-12 18:47:07, 0.0, 30.01, 5.79, 26.402, 44.91, 0.473, 1.593, 12.31
2021-01-12 18:48:08, 0.0, 30.01, 5.55, 26.415, 44.913, 0.493, 1.646, 12.278
2021-01-12 18:49:08, 0.0, 29.98, 5.65, 26.458, 44.872, 0.445, 1.428, 11.269
2021-01-12 18:50:08, 0.0, 30.0, 5.7, 26.471, 44.796, 0.471, 1.717, 11.07
2021-01-12 18:51:08, 0.0, 30.01, 5.73, 26.514, 44.845, 0.438, 1.486, 10.331
2021-01-12 18:52:08, 0.0, 30.0, 5.74, 26.514, 44.767, 0.472, 1.618, 9.325
2021-01-12 18:53:08, 0.0, 29.99, 5.99, 26.557, 44.828, 0.49, 1.821, 14.764
2021-01-12 18:54:08, 0.0, 29.98, 5.87, 26.584, 44.877, 0.59, 2.149, 15.035
2021-01-12 18:55:08, 0.0, 29.99, 5.58, 26.613, 45.524, 0.819, 2.492, 13.721
2021-01-12 18:56:08, 0.0, 30.01, 5.67, 26.626, 46.151, 0.861, 2.77, 14.067
2021-01-12 18:57:08, 0.0, 30.01, 5.71, 26.712, 47.074, 0.809, 2.7, 13.86
2021-01-12 18:58:08, 0.0, 29.99, 5.73, 26.725, 46.961, 0.872, 2.8, 10.315
2021-01-12 18:59:08, 0.0, 30.01, 5.74, 26.77, 47.625, 0.808, 2.555, 9.191
2021-01-12 19:00:08, 0.0, 30.0, 5.75, 26.8, 46.04, 0.71, 2.062, 15.479
2021-01-12 19:01:08, 0.0, 30.01, 5.75, 26.883, 46.183, 0.94, 2.753, 14.262
2021-01-12 19:02:08, 0.0, 30.01, 5.99, 26.939, 46.658, 0.848, 2.322, 10.59
2021-01-12 19:03:08, 0.0, 30.01, 5.87, 27.011, 47.445, 0.961, 2.916, 19.72
2021-01-12 19:04:08, 0.0, 30.01, 6.05, 27.024, 47.747, 0.947, 2.946, 15.497
2021-01-12 19:05:08, 0.0, 30.01, 5.9, 27.024, 46.712, 0.869, 2.718, 10.317
2021-01-12 19:06:08, 0.0, 30.0, 5.83, 27.096, 46.43, 0.88, 2.681, 9.076
2021-01-12 19:07:08, 0.0, 30.01, 6.03, 27.096, 46.398, 0.815, 2.508, 11.044
2021-01-12 19:08:08, 0.0, 30.0, 5.89, 27.11, 46.021, 0.847, 2.336, 7.755
2021-01-12 19:09:08, 0.0, 29.99, 6.06, 27.11, 45.966, 0.803, 2.869, 9.468
2021-01-12 19:10:08, 0.0, 30.0, 5.91, 27.08, 46.027, 0.836, 2.834, 7.931
2021-01-12 19:11:08, 0.0, 30.01, 5.83, 27.08, 45.94, 0.891, 2.369, 7.706
2021-01-12 19:12:08, 0.0, 30.01, 5.79, 27.053, 45.87, 0.893, 2.552, 15.604
2021-01-12 19:13:09, 0.0, 30.01, 5.77, 27.037, 45.756, 0.844, 2.693, 9.002
2021-01-12 19:14:09, 0.0, 30.01, 5.76, 27.067, 45.78, 0.805, 2.404, 5.095
2021-01-12 19:15:09, 0.0, 30.01, 5.76, 27.067, 45.815, 0.793, 2.496, 10.922
2021-01-12 19:16:09, 0.0, 29.99, 5.76, 27.067, 45.939, 0.837, 2.361, 6.862
2021-01-12 19:17:09, 0.0, 30.01, 5.76, 27.08, 46.027, 0.907, 2.763, 8.561
2021-01-12 19:18:09, 0.0, 30.01, 5.76, 27.08, 46.117, 0.85, 2.457, 9.634
2021-01-12 19:19:09, 0.0, 30.01, 5.76, 27.067, 46.114, 0.846, 2.803, 7.488
2021-01-12 19:20:09, 0.0, 30.01, 5.76, 27.08, 46.163, 0.807, 2.441, 9.264
2021-01-12 19:21:09, 0.0, 30.01, 5.76, 27.11, 46.288, 0.809, 2.32, 6.647
2021-01-12 19:22:09, 0.0, 30.01, 5.76, 27.08, 46.342, 0.8, 2.293, 5.552
2021-01-12 19:23:09, 0.0, 30.01, 5.76, 27.096, 46.352, 0.788, 2.578, 11.12
2021-01-12 19:24:09, 0.0, 30.01, 5.99, 27.096, 46.387, 0.768, 2.449, 8.676
2021-01-12 19:25:09, 0.0, 30.0, 5.87, 27.123, 46.369, 0.796, 2.159, 4.229
2021-01-12 19:26:09, 0.0, 30.01, 5.81, 27.123, 46.378, 0.847, 2.612, 8.815
2021-01-12 19:27:09, 0.0, 30.01, 5.78, 27.152, 46.351, 0.812, 2.714, 10.137
2021-01-12 19:28:09, 0.0, 30.01, 5.77, 27.152, 46.284, 0.786, 2.072, 5.538
2021-01-12 19:29:09, 0.0, 30.01, 5.54, 27.166, 46.229, 0.83, 2.661, 11.006
2021-01-12 19:30:09, 0.0, 30.01, 5.65, 27.152, 46.14, 0.809, 2.207, 8.71
2021-01-12 19:31:10, 0.0, 30.01, 5.7, 27.166, 46.085, 0.835, 2.325, 9.531
2021-01-12 19:32:10, 0.001, 30.01, 5.73, 27.136, 46.058, 0.784, 1.981, 5.57
2021-01-12 19:33:10, 0.0, 30.0, 5.98, 27.136, 45.991, 0.761, 2.269, 6.443
2021-01-12 19:34:10, 0.0, 30.01, 5.86, 27.136, 45.934, 0.786, 2.251, 5.839
2021-01-12 19:35:10, 0.0, 30.01, 5.81, 27.152, 45.884, 0.736, 2.301, 12.281
2021-01-12 19:36:10, 0.0, 30.01, 5.78, 27.152, 45.893, 0.816, 2.231, 7.983
2021-01-12 19:37:10, 0.0, 30.01, 5.77, 27.152, 46.059, 0.793, 2.132, 9.034
2021-01-12 19:38:10, 0.0, 30.01, 5.76, 27.166, 45.907, 0.854, 2.369, 8.837
2021-01-12 19:39:10, 0.0, 30.0, 5.76, 27.166, 46.342, 0.782, 2.623, 11.265
2021-01-12 19:40:10, 0.0, 29.98, 5.76, 27.192, 46.69, 0.925, 2.399, 8.999
2021-01-12 19:41:10, 0.0, 29.99, 5.76, 27.235, 46.682, 1.019, 2.835, 13.989
2021-01-12 19:42:10, 0.0, 29.99, 5.99, 27.222, 46.882, 0.974, 2.582, 8.37
2021-01-12 19:43:10, 0.0, 29.99, 5.87, 27.235, 46.438, 0.915, 2.301, 7.545
2021-01-12 19:44:10, 0.0, 30.01, 5.81, 27.251, 46.352, 0.954, 2.742, 12.85
2021-01-12 19:45:10, 0.0, 30.01, 5.78, 27.251, 46.229, 0.983, 2.729, 8.584
2021-01-12 19:46:10, 0.0, 30.01, 5.77, 27.235, 46.351, 0.928, 2.804, 16.927
2021-01-12 19:47:10, 0.0, 29.99, 5.76, 27.222, 46.426, 1.029, 3.365, 32.454
2021-01-12 19:48:10, 0.0, 30.01, 5.76, 27.208, 47.025, 1.11, 3.2, 17.715
2021-01-12 19:49:10, 0.0, 30.01, 5.76, 27.179, 46.831, 1.088, 3.332, 15.011
2021-01-12 19:50:10, 0.0, 30.01, 5.76, 27.208, 46.769, 1.1, 3.393, 13.906
2021-01-12 19:51:10, 0.0, 30.01, 5.76, 27.192, 47.211, 1.131, 3.22, 12.484
2021-01-12 19:52:10, 0.0, 30.0, 5.53, 27.166, 47.033, 1.165, 3.268, 8.148
2021-01-12 19:53:11, 0.0, 30.01, 5.64, 27.179, 47.156, 1.054, 2.908, 10.766
2021-01-12 19:54:11, 0.0, 30.01, 5.7, 27.136, 47.083, 1.047, 3.107, 6.895
2021-01-12 19:55:11, 0.0, 29.99, 5.73, 27.152, 47.12, 1.009, 2.587, 16.744
2021-01-12 19:56:11, 0.0, 30.01, 5.74, 27.152, 47.007, 0.979, 2.676, 9.631
2021-01-12 19:57:11, 0.0, 29.99, 5.75, 27.11, 46.902, 1.028, 2.749, 6.366
2021-01-12 19:58:11, 0.0, 30.01, 5.75, 27.123, 47.048, 1.003, 2.635, 11.185
2021-01-12 19:59:11, 0.0, 30.01, 5.75, 27.11, 46.856, 1.06, 3.262, 11.138
2021-01-12 20:00:11, 0.0, 30.01, 5.75, 27.11, 46.914, 1.007, 2.747, 10.944
2021-01-12 20:01:11, 0.0, 30.01, 5.75, 27.08, 46.909, 1.019, 3.115, 7.385
2021-01-12 20:02:11, 0.0, 30.01, 5.75, 27.037, 46.87, 1.018, 2.72, 7.88
2021-01-12 20:03:11, 0.0, 30.01, 5.75, 27.037, 46.746, 0.97, 2.491, 4.223
2021-01-12 20:04:11, 0.0, 30.01, 5.75, 26.997, 46.566, 0.937, 2.715, 6.5
2021-01-12 20:05:11, 0.0, 29.99, 5.75, 26.955, 46.447, 0.95, 2.399, 5.003
2021-01-12 20:06:11, 0.0, 30.01, 5.75, 26.968, 46.448, 1.015, 2.603, 14.764
2021-01-12 20:07:11, 0.0, 30.01, 5.75, 26.955, 46.412, 1.092, 2.834, 8.18
2021-01-12 20:08:11, 0.0, 30.01, 5.99, 26.955, 46.371, 1.031, 3.026, 12.411
2021-01-12 20:09:11, 0.0, 30.01, 5.87, 26.955, 46.334, 0.95, 2.475, 7.726
2021-01-12 20:10:11, 0.0, 29.99, 5.81, 26.925, 46.32, 1.007, 3.04, 13.484
2021-01-12 20:11:11, 0.0, 30.0, 6.02, 26.912, 46.284, 0.928, 2.473, 8.476
2021-01-12 20:12:11, 0.0, 30.01, 5.89, 26.912, 46.209, 1.022, 2.817, 9.818
2021-01-12 20:13:11, 0.0, 30.0, 5.82, 26.912, 46.209, 0.977, 2.87, 12.078
2021-01-12 20:14:12, 0.0, 30.01, 5.79, 26.883, 46.183, 0.959, 2.433, 9.911
2021-01-12 20:15:12, 0.0, 30.01, 5.77, 26.883, 46.204, 1.014, 2.629, 8.053
2021-01-12 20:16:12, 0.0, 30.01, 5.76, 26.856, 46.21, 0.954, 2.716, 8.409
2021-01-12 20:17:12, 0.0, 30.0, 5.76, 26.856, 46.223, 1.002, 2.925, 14.328
2021-01-12 20:18:12, 0.0, 30.01, 5.76, 26.84, 46.032, 0.978, 2.474, 7.538
2021-01-12 20:19:12, 0.0, 30.01, 5.76, 26.84, 46.154, 0.975, 2.846, 8.805
2021-01-12 20:20:12, 0.0, 30.01, 5.99, 26.813, 46.017, 0.952, 2.903, 6.411
2021-01-12 20:21:12, 0.0, 30.01, 5.87, 26.813, 46.03, 0.885, 2.449, 8.513
2021-01-12 20:22:12, 0.0, 30.0, 5.81, 26.8, 45.87, 0.943, 2.453, 6.388
2021-01-12 20:23:12, 0.0, 30.0, 5.78, 26.784, 45.602, 0.948, 2.686, 7.237
2021-01-12 20:24:12, 0.0, 30.01, 5.77, 26.784, 45.501, 0.948, 2.604, 7.178
2021-01-12 20:25:12, 0.0, 30.01, 5.76, 26.757, 45.522, 0.917, 2.147, 3.094
2021-01-12 20:26:12, 0.0, 30.01, 5.76, 26.741, 45.386, 0.94, 2.648, 5.639
2021-01-12 20:27:12, 0.0, 30.01, 5.76, 26.77, 45.835, 1.005, 2.424, 5.637
2021-01-12 20:28:12, 0.0, 30.01, 5.76, 26.741, 45.464, 0.928, 2.151, 5.004
2021-01-12 20:29:12, 0.0, 30.01, 5.76, 26.725, 45.339, 0.987, 2.544, 4.877
2021-01-12 20:30:12, 0.0, 30.01, 5.76, 26.725, 45.316, 0.923, 2.488, 9.968
2021-01-12 20:31:12, 0.0, 30.01, 5.76, 26.698, 45.382, 0.935, 2.655, 9.618
2021-01-12 20:32:12, 0.0, 30.01, 5.76, 26.669, 45.542, 0.957, 2.392, 5.566
2021-01-12 20:33:13, 0.0, 30.0, 5.76, 26.669, 45.687, 0.944, 2.28, 6.46
2021-01-12 20:34:13, 0.0, 30.01, 5.76, 26.626, 45.628, 0.931, 2.658, 7.037
2021-01-12 20:35:13, 0.0, 29.99, 5.76, 26.682, 45.779, 0.958, 2.556, 10.733
2021-01-12 20:36:13, 0.0, 29.99, 5.76, 26.669, 46.032, 0.926, 2.596, 7.424
2021-01-12 20:37:13, 0.0, 29.99, 5.76, 26.669, 46.566, 0.976, 2.609, 10.835
2021-01-12 20:38:13, 0.0, 30.01, 5.76, 26.698, 46.827, 1.003, 2.518, 11.087
2021-01-12 20:39:13, 0.0, 30.0, 5.76, 26.698, 46.703, 0.954, 2.192, 10.827
2021-01-12 20:40:13, 0.0, 30.01, 5.76, 26.669, 46.334, 0.934, 2.61, 8.564
2021-01-12 20:41:13, 0.0, 30.01, 5.76, 26.669, 46.2, 0.895, 2.348, 7.604
2021-01-12 20:42:13, 0.0, 29.99, 5.76, 26.682, 46.291, 0.959, 2.533, 9.519
2021-01-12 20:43:13, 0.0, 30.01, 5.76, 26.642, 46.319, 0.925, 2.397, 6.676
2021-01-12 20:44:13, 0.0, 30.01, 5.76, 26.669, 46.479, 0.925, 2.207, 13.007
2021-01-12 20:45:13, 0.0, 30.0, 5.76, 26.656, 46.421, 0.872, 2.137, 8.859
2021-01-12 20:46:13, 0.0, 30.0, 5.99, 26.642, 46.474, 0.839, 2.439, 9.892
2021-01-12 20:47:13, 0.0, 30.01, 5.87, 26.642, 46.531, 0.904, 2.209, 6.983
2021-01-12 20:48:13, 0.0, 30.0, 5.81, 26.642, 46.531, 0.936, 2.356, 10.696
2021-01-12 20:49:13, 0.0, 29.99, 5.78, 26.642, 46.531, 0.898, 2.561, 10.877
2021-01-12 20:50:13, 0.0, 30.01, 5.77, 26.642, 46.644, 0.914, 2.488, 11.389
2021-01-12 20:51:13, 0.0, 30.01, 5.76, 26.626, 46.572, 0.926, 2.341, 15.316
2021-01-12 20:52:13, 0.0, 30.01, 5.76, 26.642, 46.653, 0.93, 2.306, 10.163
2021-01-12 20:53:13, 0.0, 30.0, 5.76, 26.642, 46.653, 0.884, 2.222, 4.617
2021-01-12 20:54:13, 0.0, 30.0, 5.76, 26.642, 46.676, 0.905, 2.145, 8.698
2021-01-12 20:55:13, 0.0, 29.98, 5.76, 26.656, 46.744, 0.965, 2.399, 11.753
2021-01-12 20:56:13, 0.0, 30.01, 5.99, 26.656, 46.831, 0.808, 1.955, 7.977
2021-01-12 20:57:14, 0.0, 30.01, 5.87, 26.682, 46.824, 0.92, 2.334, 5.87
2021-01-12 20:58:14, 0.0, 29.99, 5.81, 26.682, 46.792, 0.884, 2.186, 8.3
2021-01-12 20:59:14, 0.0, 30.01, 5.78, 26.698, 46.804, 0.912, 2.206, 10.798
2021-01-12 21:00:14, 0.0, 29.99, 6.01, 26.725, 46.854, 0.866, 2.375, 13.098
2021-01-12 21:01:14, 0.052, 30.01, 5.88, 26.741, 46.842, 0.885, 2.098, 10.211
2021-01-12 21:02:14, 0.0, 30.0, 5.82, 26.757, 46.822, 0.863, 2.076, 14.505
2021-01-12 21:03:14, 0.0, 30.0, 5.79, 26.8, 46.806, 0.811, 2.18, 13.901
2021-01-12 21:04:14, 0.0, 29.99, 5.77, 26.827, 46.719, 0.854, 2.441, 10.607
2021-01-12 21:05:14, 0.0, 29.99, 5.76, 26.84, 46.735, 0.798, 2.153, 10.456
2021-01-12 21:06:14, 0.0, 30.01, 5.76, 26.856, 46.645, 0.829, 2.197, 16.282
2021-01-12 21:07:14, 0.0, 30.01, 5.76, 26.883, 46.705, 0.835, 1.988, 8.828
2021-01-12 21:08:14, 0.0, 30.0, 5.76, 26.883, 46.572, 0.834, 2.088, 14.389
2021-01-12 21:09:14, 0.0, 30.01, 5.76, 26.899, 46.618, 0.847, 2.07, 12.173
2021-01-12 21:10:14, 0.0, 30.01, 5.76, 26.899, 46.529, 0.784, 2.085, 11.128
2021-01-12 21:11:14, 0.0, 30.01, 5.76, 26.925, 46.511, 0.855, 2.204, 10.119
2021-01-12 21:12:14, 0.0, 30.01, 5.99, 26.912, 46.508, 0.823, 2.107, 3.753
2021-01-12 21:13:14, 0.0, 30.01, 5.87, 26.912, 46.462, 0.821, 2.183, 12.546
2021-01-12 21:14:14, 0.0, 29.99, 5.81, 26.925, 46.499, 0.8, 1.898, 10.207
2021-01-12 21:15:14, 0.0, 29.99, 5.78, 26.912, 46.419, 0.817, 1.927, 10.437
2021-01-12 21:16:14, 0.0, 30.01, 5.77, 26.912, 46.419, 0.836, 1.988, 6.423
2021-01-12 21:17:14, 0.0, 30.01, 5.76, 26.925, 46.465, 0.814, 1.81, 14.393
2021-01-12 21:18:14, 0.0, 30.01, 5.76, 26.925, 46.476, 0.773, 1.824, 6.758
2021-01-12 21:19:14, 0.0, 30.01, 5.76, 26.925, 46.522, 0.82, 1.95, 18.059
2021-01-12 21:20:15, 0.0, 30.01, 5.76, 26.925, 46.465, 0.861, 2.334, 11.288
2021-01-12 21:21:15, 0.0, 30.01, 5.76, 26.899, 46.485, 0.81, 1.984, 20.207
2021-01-12 21:22:15, 0.0, 30.0, 5.76, 26.869, 46.493, 0.834, 1.841, 7.829
2021-01-12 21:23:15, 0.0, 30.01, 5.76, 26.869, 46.513, 0.789, 2.109, 10.808
2021-01-12 21:24:15, 0.0, 29.99, 5.76, 26.869, 46.447, 0.836, 2.311, 17.852
2021-01-12 21:25:15, 0.0, 29.99, 5.76, 26.856, 46.456, 0.807, 1.948, 4.917
2021-01-12 21:26:15, 0.0, 30.01, 5.76, 26.856, 46.513, 0.811, 2.049, 10.769
2021-01-12 21:27:15, 0.0, 30.01, 5.76, 26.84, 46.511, 0.883, 2.468, 11.332
2021-01-12 21:28:15, 0.0, 30.01, 5.76, 26.84, 46.465, 0.824, 1.904, 6.454
2021-01-12 21:29:15, 0.0, 30.01, 5.76, 26.813, 46.485, 0.843, 2.276, 11.532
2021-01-12 21:30:15, 0.0, 30.01, 5.76, 26.84, 46.465, 0.811, 1.868, 12.915
2021-01-12 21:31:15, 0.0, 30.01, 5.76, 26.827, 46.43, 0.812, 2.022, 12.412
2021-01-12 21:32:15, 0.0, 29.99, 5.99, 26.8, 46.448, 0.804, 2.075, 10.23
2021-01-12 21:33:15, 0.0, 30.01, 5.87, 26.784, 46.481, 0.799, 2.011, 10.248
2021-01-12 21:34:15, 0.0, 30.01, 5.81, 26.77, 46.447, 0.803, 1.891, 10.966
2021-01-12 21:35:15, 0.0, 30.01, 5.78, 26.77, 46.389, 0.773, 1.956, 5.433
2021-01-12 21:36:15, 0.0, 30.01, 6.01, 26.757, 46.412, 0.749, 1.951, 8.351
2021-01-12 21:37:15, 0.0, 29.99, 5.88, 26.741, 46.442, 0.754, 1.857, 6.477
2021-01-12 21:38:15, 0.003, 30.0, 5.82, 26.725, 46.394, 0.732, 1.723, 8.286
2021-01-12 21:39:15, 0.0, 29.99, 5.79, 26.698, 46.426, 0.808, 1.764, 7.313
2021-01-12 21:40:15, 0.0, 30.01, 5.77, 26.712, 46.471, 0.738, 1.46, 3.375
2021-01-12 21:41:15, 0.0, 30.0, 5.76, 26.656, 46.442, 0.815, 2.088, 6.988
2021-01-12 21:42:15, 0.0, 30.01, 5.76, 26.669, 46.421, 0.771, 1.835, 7.625
2021-01-12 21:43:16, 0.0, 30.0, 5.99, 26.669, 46.456, 0.744, 2.061, 6.576
2021-01-12 21:44:16, 0.0, 30.01, 5.87, 26.642, 46.407, 0.721, 1.607, 6.699
2021-01-12 21:45:16, 0.0, 30.01, 5.81, 26.642, 46.43, 0.806, 1.716, 4.587
2021-01-12 21:46:16, 0.0, 30.0, 5.78, 26.626, 46.503, 0.801, 2.0, 10.681
2021-01-12 21:47:16, 0.0, 30.01, 5.77, 26.613, 46.493, 0.827, 2.062, 7.125
2021-01-12 21:48:16, 0.0, 29.99, 5.76, 26.613, 46.448, 0.822, 1.956, 15.112
2021-01-12 21:49:16, 0.0, 30.01, 5.76, 26.584, 46.456, 0.761, 1.555, 5.033
2021-01-12 21:50:16, 0.0, 30.01, 5.99, 26.57, 46.511, 0.739, 1.673, 3.746
2021-01-12 21:51:16, 0.0, 30.01, 5.87, 26.57, 46.497, 0.808, 2.038, 7.665
2021-01-12 21:52:16, 0.0, 30.01, 5.59, 26.543, 46.484, 0.759, 1.673, 14.083
2021-01-12 21:53:16, 0.0, 30.01, 5.67, 26.514, 46.516, 0.78, 1.818, 8.338
2021-01-12 21:54:16, 0.0, 30.01, 5.71, 26.514, 46.548, 0.835, 1.917, 4.76
2021-01-12 21:55:16, 0.0, 29.99, 5.73, 26.514, 46.557, 0.785, 1.907, 7.899
2021-01-12 21:56:16, 885335.417, 30.01, 5.74, 26.485, 46.499, 0.776, 1.727, 9.838
2021-01-12 21:57:16, 0.0, 30.01, 5.75, 26.471, 46.552, 0.752, 1.736, 11.412
2021-01-12 21:58:16, 0.0, 30.01, 5.75, 26.445, 46.506, 0.784, 1.993, 3.977
2021-01-12 21:59:16, 0.0, 30.01, 5.75, 26.445, 46.516, 0.804, 1.866, 16.345
2021-01-12 22:00:16, 0.0, 30.01, 5.75, 26.415, 46.534, 0.762, 1.906, 13.361
2021-01-12 22:01:16, 0.0, 30.0, 5.75, 26.415, 46.534, 0.806, 1.852, 6.081
2021-01-12 22:02:16, 0.0, 30.0, 5.75, 26.373, 46.572, 0.806, 1.962, 7.394
2021-01-12 22:03:17, 0.0, 30.01, 5.75, 26.359, 46.538, 0.748, 1.794, 9.374
2021-01-12 22:04:17, 0.0, 30.01, 5.99, 26.346, 46.581, 0.726, 1.302, 8.269
2021-01-12 22:05:17, 0.0, 30.01, 5.87, 26.346, 46.571, 0.73, 1.438, 8.289
2021-01-12 22:06:17, 0.0, 30.01, 5.81, 26.346, 46.59, 0.796, 1.766, 7.944
2021-01-12 22:07:17, 0.0, 29.99, 5.78, 26.33, 46.589, 0.742, 1.519, 7.696
2021-01-12 22:08:17, 0.0, 30.01, 5.77, 26.33, 46.603, 0.77, 1.736, 8.13
2021-01-12 22:09:17, 0.0, 30.01, 5.76, 26.303, 46.621, 0.784, 1.753, 7.552
2021-01-12 22:10:17, 0.0, 30.01, 5.76, 26.26, 46.616, 0.762, 1.639, 9.393
2021-01-12 22:11:17, 0.0, 30.01, 5.76, 26.274, 46.717, 0.761, 1.775, 13.755
2021-01-12 22:12:17, 0.0, 30.01, 5.76, 26.274, 46.705, 0.736, 1.598, 6.416
2021-01-12 22:13:17, 0.0, 30.01, 5.76, 26.26, 46.726, 0.757, 1.731, 5.482
2021-01-12 22:14:17, 0.0, 30.01, 5.76, 26.274, 46.74, 0.763, 1.688, 6.326
2021-01-12 22:15:17, 0.0, 30.01, 5.53, 26.247, 46.813, 0.731, 1.564, 8.53
2021-01-12 22:16:17, 0.0, 30.01, 5.87, 26.231, 46.799, 0.724, 1.595, 7.522
2021-01-12 22:17:17, 0.0, 30.01, 6.05, 26.26, 46.769, 0.74, 1.619, 11.204
2021-01-12 22:18:17, 0.0, 30.01, 6.15, 26.247, 46.746, 0.702, 1.771, 8.317
2021-01-12 22:19:17, 0.0, 30.01, 5.95, 26.303, 46.699, 0.747, 1.714, 16.006
2021-01-12 22:20:17, 0.0, 29.99, 5.85, 26.316, 46.755, 0.734, 1.464, 16.327
2021-01-12 22:21:18, 0.0, 30.01, 5.8, 26.359, 46.74, 0.754, 1.649, 5.071
2021-01-12 22:22:18, 0.0, 30.01, 5.78, 26.389, 46.676, 0.736, 1.442, 5.757
2021-01-12 22:23:18, 0.0, 30.01, 5.77, 26.415, 46.658, 0.755, 1.767, 6.436
2021-01-12 22:24:18, 0.0, 30.01, 5.76, 26.402, 46.644, 0.712, 1.462, 7.774
2021-01-12 22:25:18, 0.0, 30.01, 5.76, 26.471, 46.52, 0.715, 1.63, 9.366
2021-01-12 22:26:18, 0.0, 30.01, 5.76, 26.485, 46.456, 0.718, 1.636, 11.397
2021-01-12 22:27:18, 0.0, 30.01, 5.99, 26.485, 46.465, 0.697, 1.669, 10.332
2021-01-12 22:28:18, 0.0, 30.01, 5.87, 26.458, 46.397, 0.694, 1.504, 9.128
2021-01-12 22:29:18, 0.0, 29.99, 6.05, 26.445, 46.374, 0.687, 1.582, 2.936
2021-01-12 22:30:18, 0.0, 30.01, 6.15, 26.429, 46.325, 0.642, 1.732, 7.221
2021-01-12 22:31:18, 0.0, 30.0, 5.95, 26.445, 46.282, 0.717, 1.321, 7.879
2021-01-12 22:32:18, 0.0, 30.01, 6.09, 26.445, 46.204, 0.672, 1.443, 6.604
2021-01-12 22:33:18, 0.0, 30.0, 5.92, 26.445, 46.204, 0.736, 1.679, 11.492
2021-01-12 22:34:18, 0.0, 29.99, 5.84, 26.415, 46.113, 0.713, 1.802, 5.258
2021-01-12 22:35:18, 0.0, 30.0, 6.04, 26.415, 46.046, 0.691, 1.392, 11.709
2021-01-12 22:36:18, 0.0, 29.99, 5.89, 26.415, 45.98, 0.69, 1.594, 6.003
2021-01-12 22:37:18, 0.0, 29.99, 5.82, 26.429, 45.936, 0.699, 1.658, 5.154
2021-01-12 22:38:18, 0.0, 30.01, 5.79, 26.415, 45.844, 0.649, 1.531, 6.757
2021-01-12 22:39:18, 0.0, 30.01, 5.77, 26.402, 45.811, 0.69, 1.384, 3.986
2021-01-12 22:40:18, 0.0, 30.01, 5.76, 26.402, 45.776, 0.739, 1.722, 8.568
2021-01-12 22:41:18, 0.0, 30.01, 5.76, 26.402, 45.721, 0.715, 1.799, 9.457
2021-01-12 22:42:18, 0.0, 30.01, 5.76, 26.389, 45.753, 0.691, 1.414, 15.255
2021-01-12 22:43:18, 0.0, 29.99, 5.76, 26.373, 45.597, 0.747, 1.742, 5.602
2021-01-12 22:44:19, 0.0, 30.01, 5.99, 26.33, 45.657, 0.681, 1.565, 6.324
2021-01-12 22:45:19, 0.0, 30.01, 5.87, 26.359, 45.515, 0.647, 1.501, 3.646
2021-01-12 22:46:19, 0.0, 30.0, 5.81, 26.346, 45.57, 0.731, 1.702, 10.955
2021-01-12 22:47:19, 0.0, 30.01, 5.78, 26.303, 45.441, 0.736, 1.509, 2.354
2021-01-12 22:48:19, 0.0, 30.01, 5.77, 26.316, 45.412, 0.683, 1.503, 4.738
2021-01-12 22:49:19, 0.0, 30.01, 6.0, 26.29, 45.44, 0.71, 1.555, 8.365
2021-01-12 22:50:19, 0.0, 30.01, 5.88, 26.303, 45.454, 0.695, 1.403, 3.112
2021-01-12 22:51:19, 0.0, 30.01, 5.81, 26.247, 45.345, 0.743, 1.832, 7.263
2021-01-12 22:52:19, 0.0, 30.01, 5.78, 26.247, 45.312, 0.719, 1.42, 2.085
2021-01-12 22:53:19, 0.0, 30.01, 5.77, 26.231, 45.312, 0.719, 1.551, 5.624
2021-01-12 22:54:19, 0.0, 30.01, 5.76, 26.218, 45.252, 0.735, 1.501, 5.451
2021-01-12 22:55:19, 0.0, 30.01, 5.76, 26.231, 45.211, 0.699, 1.561, 2.689
2021-01-12 22:56:19, 0.0, 30.01, 5.76, 26.191, 45.217, 0.716, 1.644, 4.594
2021-01-12 22:57:19, 0.0, 30.01, 5.76, 26.175, 45.18, 0.715, 1.707, 3.03
2021-01-12 22:58:19, 0.21, 30.01, 5.76, 26.175, 45.115, 0.674, 1.378, 3.473
2021-01-12 22:59:19, 0.0, 30.01, 5.76, 26.191, 45.139, 0.684, 1.445, 3.131
2021-01-12 23:00:19, 0.0, 30.01, 5.76, 26.13, 45.052, 0.722, 1.494, 2.155
2021-01-12 23:01:20, 0.0, 30.01, 5.76, 26.116, 44.984, 0.709, 1.368, 5.972
2021-01-12 23:02:20, 0.0, 30.0, 5.99, 26.073, 44.979, 0.614, 1.332, 2.11
2021-01-12 23:03:20, 0.0, 30.0, 5.87, 26.103, 44.996, 0.67, 1.466, 2.873
2021-01-12 23:04:20, 0.0, 30.0, 5.81, 26.089, 44.938, 0.699, 1.557, 5.444
2021-01-12 23:05:20, 0.0, 30.01, 5.78, 26.06, 44.945, 0.697, 1.22, 5.084
2021-01-12 23:06:20, 0.0, 29.98, 5.54, 26.033, 45.087, 0.671, 1.333, 3.082
2021-01-12 23:07:20, 0.0, 29.98, 5.88, 26.033, 44.877, 0.662, 1.333, 5.297
2021-01-12 23:08:20, 0.0, 29.99, 6.06, 26.017, 44.941, 0.646, 1.322, 2.086
2021-01-12 23:09:20, 0.0, 30.01, 5.9, 26.017, 44.863, 0.666, 1.363, 4.88
2021-01-12 23:10:20, 0.0, 29.98, 5.83, 25.991, 44.904, 0.693, 1.467, 2.766
2021-01-12 23:11:20, 0.0, 29.99, 5.79, 25.961, 44.868, 0.671, 1.24, 2.072
2021-01-12 23:12:20, 0.0, 30.0, 5.77, 25.975, 44.878, 0.655, 1.208, 3.716
2021-01-12 23:13:20, 0.0, 30.01, 6.0, 25.935, 44.831, 0.66, 1.451, 3.176
2021-01-12 23:14:20, 0.0, 30.0, 5.88, 25.919, 44.851, 0.697, 1.273, 4.922
2021-01-12 23:15:20, 0.0, 30.0, 5.82, 25.905, 44.837, 0.683, 1.4, 2.847
2021-01-12 23:16:20, 0.0, 30.01, 5.79, 25.892, 44.858, 0.666, 1.457, 3.007
2021-01-12 23:17:20, 0.0, 30.01, 5.77, 25.863, 44.877, 0.675, 1.325, 3.655
2021-01-12 23:18:20, 0.0, 30.0, 5.76, 25.863, 44.822, 0.691, 1.297, 2.142
2021-01-12 23:19:20, 0.0, 30.0, 5.76, 25.836, 44.851, 0.666, 1.274, 4.34
2021-01-12 23:20:20, 0.0, 30.01, 5.99, 25.82, 44.86, 0.648, 1.123, 1.441
2021-01-12 23:21:20, 0.0, 30.0, 5.87, 25.82, 44.773, 0.658, 1.142, 2.372
2021-01-12 23:22:20, 0.0, 30.01, 5.81, 25.764, 44.732, 0.693, 1.155, 2.987
2021-01-12 23:23:20, 0.0, 30.0, 6.02, 25.793, 44.714, 0.618, 0.956, 1.056
2021-01-12 23:24:20, 0.0, 30.01, 5.89, 25.793, 44.735, 0.688, 1.267, 4.328
2021-01-12 23:25:20, 0.0, 30.01, 5.82, 25.764, 44.709, 0.656, 1.147, 1.585
2021-01-12 23:26:21, 0.0, 30.01, 5.79, 25.737, 44.652, 0.666, 1.258, 4.962
2021-01-12 23:27:21, 0.0, 29.99, 5.77, 25.737, 44.695, 0.691, 1.329, 3.088
2021-01-12 23:28:21, 0.0, 30.01, 5.76, 25.694, 44.677, 0.715, 1.1, 2.851
2021-01-12 23:29:21, 0.0, 29.99, 6.0, 25.694, 44.723, 0.635, 1.147, 1.581
2021-01-12 23:30:21, 0.0, 30.01, 5.87, 25.681, 44.712, 0.635, 0.983, 1.264
2021-01-12 23:31:21, 0.0, 30.01, 5.81, 25.665, 44.73, 0.702, 1.272, 5.137
2021-01-12 23:32:21, 0.0, 30.01, 6.02, 25.638, 44.75, 0.624, 1.167, 3.261
2021-01-12 23:33:21, 0.0, 30.01, 5.89, 25.582, 44.73, 0.65, 1.195, 2.648
2021-01-12 23:34:21, 0.0, 30.01, 5.82, 25.582, 44.755, 0.705, 1.221, 1.808
2021-01-12 23:35:21, 0.0, 30.01, 5.79, 25.582, 44.755, 0.693, 1.116, 5.693
2021-01-12 23:36:21, 0.0, 30.01, 5.77, 25.553, 44.739, 0.699, 1.148, 1.63
2021-01-12 23:37:21, 0.0, 29.99, 5.76, 25.553, 44.773, 0.684, 1.292, 3.926
2021-01-12 23:38:21, 0.0, 30.01, 6.0, 25.539, 44.749, 0.678, 1.181, 3.18
2021-01-12 23:39:21, 0.0, 30.01, 5.87, 25.539, 44.791, 0.671, 1.221, 1.937
2021-01-12 23:40:21, 0.0, 29.98, 5.81, 25.507, 44.767, 0.694, 1.328, 2.624
2021-01-12 23:41:21, 0.0, 30.01, 5.78, 25.494, 44.755, 0.692, 1.121, 3.02
2021-01-12 23:42:21, 0.0, 30.01, 5.77, 25.481, 44.773, 0.675, 1.208, 2.317
2021-01-12 23:43:21, 0.0, 30.0, 6.0, 25.481, 44.753, 0.67, 1.013, 1.147
2021-01-12 23:44:21, 0.0, 29.99, 5.88, 25.451, 44.771, 0.677, 1.113, 2.385
2021-01-12 23:45:21, 0.0, 30.01, 5.81, 25.422, 44.778, 0.705, 1.2, 1.866
2021-01-12 23:46:21, 0.0, 29.99, 6.02, 25.409, 44.744, 0.617, 0.858, 0.939
2021-01-12 23:47:21, 0.0, 30.01, 5.89, 25.409, 44.767, 0.712, 1.208, 1.543
2021-01-12 23:48:21, 0.0, 30.01, 5.82, 25.395, 44.787, 0.666, 0.95, 1.036
2021-01-12 23:49:22, 0.0, 30.01, 6.03, 25.366, 44.817, 0.656, 1.191, 1.576
2021-01-12 23:50:22, 0.0, 30.01, 5.89, 25.352, 44.727, 0.667, 1.144, 1.554
2021-01-12 23:51:22, 0.0, 30.01, 5.82, 25.352, 44.768, 0.685, 1.043, 1.327
2021-01-12 23:52:22, 0.0, 30.0, 5.79, 25.339, 44.791, 0.706, 1.127, 1.401
2021-01-12 23:53:22, 0.0, 29.99, 5.77, 25.31, 44.744, 0.693, 1.157, 2.376
2021-01-12 23:54:22, 0.0, 30.01, 5.76, 25.31, 44.778, 0.668, 1.066, 1.917
2021-01-12 23:55:22, 0.0, 29.99, 6.0, 25.296, 44.762, 0.645, 0.999, 1.277
2021-01-12 23:56:22, 0.0, 30.01, 5.87, 25.267, 44.727, 0.677, 1.046, 1.259
2021-01-12 23:57:22, 0.0, 30.01, 6.06, 25.267, 44.804, 0.656, 1.102, 1.579
2021-01-12 23:58:22, 0.0, 30.01, 5.9, 25.24, 44.723, 0.71, 1.167, 1.346
2021-01-12 23:59:22, 0.0, 30.01, 5.83, 25.24, 44.735, 0.633, 1.231, 1.743
